,form_id,text_pred,Chat GPT,text_true
0,j01-042,"Unlen known at what potertial oxygen a pven mateial ""n the rodium coolont cren will stort oxidine the ull can only med as has been suggerted above as an orygen concen tratiom maitor Mowever a mateial orid in in rodium at pven sxygen poten hial the reference electrode could held that potential and oxidining or reodncing condition in the coolant eren that material would indicated a negaline a poritive potntial the reference elecbode Masdes -","Unless it is known at what potential oxygen a given material in the rhodium coolant stream will start oxidizing. This can only be inferred, as suggested above, by using an oxygen concentration monitor. However, if a material oxidizes in rhodium at a given oxygen potential, the reference electrode could hold that potential. The oxidizing or reducing condition in the coolant, even for that material, would be indicated by a negative or positive potential on the reference electrode","Unless it is known at what oxygen potential a given material in the sodium coolant circuit will start to oxidise the cell can only be used as has been suggested above , as an oxygen concentration monitor . oxygen potential the reference electrode could be held at that potential and oxidizing or reducing conditions in the coolant circuit for that material would be"
1,j01-045,Sentonce Database sox-ots rsesedsrosb sodmusatuca and drurserannd ratodtriom thecoolant by osseosoncsa dreptraralis the acresseakai coserrnarsatt positivovol esncinbecaia - thn the secfic care nobium in a rodium ircnit a corroion indicator could reference cle chrode rodium raturated and equiliorated with niokium reperated frm the coolant a solid anonic dlectrolyte megats roltags fran the reference electrode sould oxid- mean mny conditios niolinm and paitive roltage was oxidi ung cond- on The practical applicatt on the above idea 'll involve comsiderabl experimenta - tim hfore can rea lined Masdes,"Since database records are used to monitor and understand the corrosion behavior of materials in the coolant, a corrosion indicator such as niobium in a rhodium circuit could be referenced. In this specific case, a reference electrode composed of rhodium saturated and equilibrated with niobium separated from the coolant by a solid anionic electrolyte could be used. Measured voltage from the reference electrode would indicate the oxidation state: a positive voltage would suggest oxidizing conditions under which niobium corrodes. The practical application of this concept will require considerable experimental work before it can be fully realized.","Thus for the specific case of niobium in a sodium circuit a corrosion indicator could be a reference electrode of sodium saturated and equilibrated with niobium separated from the coolant by a solid anionic electrolyte . A negative voltage from conditions for niobium and positive voltage , non- oxidizing conditions . The practical application of the above idea will involve considerable experimenta- tion before it can be realised ."
2,j01-049,nor by sodncathono siadersrstiacia - the finl reaquinemcen ns for an aniome elecholyle which can her fahuicaled wa suitable shapes mayp eions gases and hquid sochum and wtuch muther conoded socdum nor sochuum monoxide Possikle matuias are quconiece stabihsed with lume and thoia dloped with sare earth omcles- Masaes,"The final requirement is for an anionic electrolyte that can be fabricated into suitable shapes and is compatible with sodium ions, gases, and liquid sodium. It must not be corroded by either sodium or sodium monoxide. Possible materials include zirconia stabilized with lime or thoria and doped with rare earth oxides.","The first requirement is for an anionic electrolyte , which can be fabricated into suitable shapes impervious to gases and liquid sodium and which is neither corroded by sodium nor by sodium monoxide . Possible materials are zirconia stabilised with lime and thoria doped with rare earth oxides ."
3,j01-059,csnitdesinti dsporsdoestn matercodedd ciraipsoneit sidootthese .. .. rrovided the temperatero at and E are the samey themodectsi contribentr to the voctage should be gero The probe extends out of the sodr wn stream surough a clove fitting thin walled I junction I and pases into the open wa a water coold mung seal a The open end of the prove No sealed with a racuum compling I which alo positions the +e nikel conauctot with eppeot ... to the sodium arclips an either side the seal R. Mapdes mom,"Considerations for disposition of the materials used in the probe are as follows: provided the temperature at both ends (A and E) is the same, the thermoelectric contribution to the voltage should be zero. The probe extends out of the sodium stream through a glove fitting, passes through a thin-walled junction, and enters an open area with a water-cooled mounting seal. The open end of the probe is sealed with a vacuum coupling, which also positions the nickel conductor with respect to the sodium arc clips on either side of the seal.","Provided the temperatures at C and E are the same , thermoelectric contributions to the voltage should be zero . The probe extends out of the sodium stream through a close fitting thin walled T-Junction F and passes into the open via a water-cooled O ring seal G . The open end of the probe is sealed with a vacuum coupling H which also positions the +ve nickel conductor with respect to the sodium by circlips on either side of the seal I ."
4,j01-063,j0r-00s draporation of sodiuntrom the poot isinimisedbs close fitting cytindrical fixing .. .. Evaporction odinin from the ool wo minimited by clote fiting yolindrs cat block elictio aftacled the Ve ur ckd con Anctor nicked Cr rclips Fixing ud posrtroning robe relative to the vol an heam 1o eeffected tic - bars insala matical joining racuum coupling the water soled flan Masdes Meutirees ..,"Evaporation of sodium from the pool is minimized by a close-fitting cylindrical fixture. Evaporation from the pool was further reduced by a closely fitted cylindrical cap block, which also supported the electrical contact attached to the vertical nickel conductor via arc clips. Fixing and positioning of the probe relative to the vessel and heater was achieved using tie bars, insulated mechanical joints, a vacuum coupling, and a water-sealed flange.",minimised by a close fitting cylindrical block of electrolyte J attached to the +ve nickel conductor by nickel circlips . Fixing and positioning of the probe relative to the coolant material K joining the vacuum coupling H to the water cooled flange G .
5,j01-066,rhickrousto ersonstorecr y0ss NE0RtC- was The probe can emcuated and fitld with inert gar via the take which must curse scdicaly inblated after this has ben wrried out It - is not suggend that the above praponal wil mmpifut but rather that wath trial il the emunt the inade guany dome simpler method monioring the ongen or oadium ciranit the princsipal dificatly encountered the author in determining paortisl molel frce eagres wolid dlectrolye wello very stable avides sach as M2 Nne ltc. was Nypur phase trangfer aygen ormas unrthonacou impurshey in the blanket Nardes soair Aver,"The thick-walled ceramic storage tube (e.g., NEORTC-type) was used. The probe can be evacuated and filled with inert gas via a valve, which must be hermetically sealed after this process has been completed. It is not suggested that the above proposal will be immediately successful, but rather that with trials, a simpler method for monitoring oxygen in the sodium circuit may be developed. The principal difficulty encountered by the author in determining partial molal free energies using solid electrolytes lies in the stability of oxides such as M2O. Phase transfer of oxygen often occurs unpredictably due to impurities in the blanket material.","The probe can be evacuated and filled with inert gas via the tube L which must of course be electrically isolated after this has been carried out . It is not the inadequacy of some simpler method of monitoring the oxygen in a sodium circuit . The principal difficulty encountered by the author , in determining partial molal free energies by solid electrolyte cells of very stable oxides such as UO2 , MnO etc. was vapour phase transfer of oxygen by"
6,j01-070,thichot courseted Hoalr5INDNH from thecell- In thecborodes thetro oncanothers that Klsuasorsor unbesansiie This iesulted ur the oxiadaition the - wve electroe ual me duction the +ve dectrode which carse con to a las in to - MF - from the cull In the aove cosign the No wre complakly .. sopanita from our - an cother so that tus mags soures troubile should not be posont Mabaes,"This current was collected from the cell. In the electrodes, there was a reaction that caused instability. This resulted in the oxidation at the negative electrode and reduction at the positive electrode, which caused a loss in mass from the cell. In the above configuration, the electrodes were completely separated from one another so that this major source of trouble should not be present.",This resulted in the oxidation of the -ve electrode and reduction of the +ve electrode which of course led to a loss in E.M.F. from the cell . In the above design the two electrodes are completely separated from one trouble should not be present .
7,j04-008,The inprowth overtro half-lives lton dayoy- Theretore after furtber forty dayos the bispauth daughter wrill be writhin the .. eersisesrsar cartter morbesoonrsdta the biomuthi210 daughtor by soe exchange looe Anatytical dtethodiste before procipitatin lead-hromat The presence Foef bismuth - 210 is equiralent ingeourth over two halff lives Iten dayst Therefoce aefter further biomuth daughter will within Od soueces are rapined use sooner than or after lead - a1o tagpever with added lead carver must separated from the bismuth - 2o daoughter lon exchange lsee wllethod steps before lead chcomate Mamer ..,"The growth over time follows half-lives on a daily basis. Therefore, after a further forty days, the bismuth-210 daughter will be within the expected range. The separation of the bismuth-210 daughter by ion exchange methods is necessary before precipitating lead chromate. The presence of bismuth-210 is equivalent to the passage of two half-lives, or approximately ten days. After further decay, the bismuth daughter will fall within the expected range. Sources of interference are minimized when lead is added and must be separated from the bismuth-210 daughter using ion exchange methods before lead chromate precipitation steps.","The presence of 75 of bismuth-210 is equivalent to after a further forty days , the bismuth daughter than forty or fifty days after preparation , the lead-210 together with added lead carrier must be separated from the bismuth-210 daughter by before precipitating lead chromate ."
8,j04-012,jields thesametoad cordersouto knowing the time of scparation and the ac tiwi of the lead - 21o solution the ingrauthh - of the bismuth- 210 can be colculated the absolute actiuity of the reference stancdurals can be colculated frrom the knaown act witly of the lead - 210 solut ron and the chcmical yleld but this calculation unned essary provided the some lead carrier soution - is used to prepare the se ference stancdards .. and for the analyses Nares,"Yields the same to add correcters out to knowing the time of separation and the activity of the lead-210 solution. The ingrowth of bismuth-210 can be calculated, and the absolute activity of the reference standards can be calculated from the known activity of the lead-210 solution and the chemical yield. However, this calculation is unnecessary, provided the same lead carrier solution is used to prepare the reference standards and for the analyses.","Knowing the time of separation and the absolute activity of the reference standards can be calculated from the known activity of the lead-210 solution and the chemical yield , but this calculation is unnecessary provided the same lead carrier solution is used to prepare the reference standards"
9,j04-015,Thetshcount Only the meights the recovered lead chromate precipitate heed knon because the concentratl the lead camer solution cancels out the algebratc equations An effort was made to detect the presence any radroactive impuritres the tracer separating the lead- 2o and the bismuth-2 1o anion exchanger The 1sb-counting the lead-210 fraction began within fow minutes completiny the separation Mases,"The count only measures the weight of the recovered lead chromate precipitate, which is known because the concentration of the lead carrier solution cancels out in the algebraic equations. An effort was made to detect the presence of any radioactive impurities while separating the lead-210 and bismuth-210 on the anion exchanger. The lead-210 fraction was counted within a few minutes, completing the separation process.",Only the weights of the recovered lead chromate precipitates need be known because the concentration of the lead carrier solution cancels out of the algebraic equations . An effort was made to detect the presence of any radioactive impurities in bismuth-210 by anion exchange . The 15b-counting minutes of completing the separation .
10,j04-019,soxord Aay ipapurity ia the lead fraction saust have boex trell belor one percesat- some exporimonts There was no sipaifcant difference betweon these results and those obtained byrthe Radochemica ceatre The ingrowtn muth '9 so was foll owed .. for ten and showed no abnormall Hiess An impurity ins the lead rraction mus ha- .. .. Ve beem well elow one percent- Some separa- .. ted load- z210 was used to make reference staw ddards and as tracer in recovery experiments There was no sjgnitican differenco between the- se resulls and those obtained voing the oripinal lead - 210 solution supplied the Rodiochemic Cen tre which we cone Inded was radk cheme - cally pure- Maner ..,"Any impurity in the lead fraction must have been well below one percent, as indicated by some experiments. There was no significant difference between these results and those obtained by the Radiochemical Center. The ingrowth of bismuth-210 was followed for ten days and showed no abnormal increases. An impurity in the lead fraction must have been well below one percent. Some separated lead-210 was used to make reference standards and as a tracer in recovery experiments. There was no significant difference between these results and those obtained using the original lead-210 solution supplied by the Radiochemical Center, which we concluded was radiochemically pure.",The ingrowth of bismuth-210 was followed for ten days and showed no abnormalities . Any impurity in the lead fraction must ha- ve been well below one percent . Some separa- dards and as a tracer in recovery experiments . There was no significant difference between the- se results and those obtained using the original lead-210 solution supplied by the Radiochemical Centre which we concluded was radiochemi- cally pure .
11,j04-024,unesotsolutio by coprociprta the load with astornnasus bead and stroatiun form mixed cryotals so that the saore insoluble lead surphate is almost conpordysoc evontspredst scosiondrasars Is incormplete Voing tex mailligrara oftead cartter and ore Auadred milligtaas of strontiua per Kersaishearia Rosonghis showed that minute quantities lead coan be isolated fhrom layge volumes sole - tiom coprecisita the leod witho strontim sulphntor leot and Erontiuam form mixed cy- stals so that the mnove insoluble lead sulphate almost completely recorered even precrol Iakion strontiun sulphato incompdete Aoing ten mnt ingrans lead carrier and ox hundred or Mier ams strontium per liter awe to tham 9s pxposion em Manes,"Upon solution by coprecipitating the lead with strontium beads, strontium forms mixed crystals so that the more insoluble lead sulfate is almost completely recovered, even when precipitation is incomplete. Using small amounts of lead, researchers showed that minute quantities of lead can be isolated from large volumes of solution by coprecipitating the lead with strontium sulfate, where lead and strontium form mixed crystals. This process allows the nearly complete recovery of insoluble lead sulfate, even when precipitation of strontium sulfate is incomplete. Using ten milligrams of lead carrier and several hundred milligrams of strontium per liter allowed for almost complete recovery of the lead.","lead can be isolated from large volumes of solu- tion by coprecipitating the lead with a strontium sulphate . Lead and strontium form mixed cry- stals so that the more insoluble lead sulphate is almost completely recovered even if precipitation of the strontium sulphate is incomplete . Using ten milligrams of lead carrier and six hundred milligrams of strontium per liter , more than 95 experiment ."
12,j04-035,"Aboorption ofthe beta particles ,sals0 kopt to axavaanen but the accuracy and disnesdnera from the daionalpussi taboratorys completechoni exchanee bettroen the radiorleada tobe correct- Absorption - the beta particles is also kept to mununun but the accurancy and precision weighing the trecipitate sources sufferss precipitate were weighed on a serne-ic10 balance which had been calibrated with a set certificate weights from the National Physical caboratory complete chenicat exchange between the radio-lead and the added lerad carn or is hecess any the analytical results are to be correct Marnes","Absorption of the beta particles is kept to a minimum, but the accuracy and precision in weighing the precipitate sources can suffer. The precipitate was weighed on a semi-micro balance that had been calibrated with a set of certified weights from the National Physical Laboratory. A complete chemical exchange between the radio-lead and the added lead carrier is necessary for the analytical results to be correct.",Absorption of the beta particles is also kept to a minimum but the accuracy and precision of weighing the precipitated sources suffers . All precipitates were weighed on a semi-micro balance which had been calibrated with a set of certificated weights from the National Physical Laboratory . Complete chemical exchange between the radio-lead and the added lead carrier is necessary if the analytical results are to be correct .
13,j04-039,Ghenicalorcha csigpareinstas butwhen sesasisdesel Mnercandalo tostandtors dayo berbretheadta oflead cartrers the remerrorhac the prelininary experiments the tracer wasadded a liter of effluent andd immediately coprecipitat with strontium sulphate from hot solution Chemical exchange was complete under these conditionss but when the tracer was added alkaline effluent and allowed stand for several days betore the addition of lead carrien recovery of lead- 270 was as much as five per cent low when corrected for gravinetric recovery of the carrer Mane-,"Chemical or comparative studies showed that when standards were compared to the lead carriers, the error occurred in the preliminary experiments. The tracer was added to a liter of effluent and immediately coprecipitated with strontium sulfate from a hot solution. Chemical exchange was complete under these conditions, but when the tracer was added to alkaline effluent and allowed to stand for several days before the addition of the lead carrier, the recovery of lead-210 was as much as five percent lower when corrected for gravimetric recovery of the carrier.","In the preliminary experiments , the tracer was added to a liter of effluent and immediately coprecipitated with strontium sulphate from hot solution . Chemical exchange was added to alkaline effluent and allowed to stand for several days before the addition of lead carrier , the recovery of lead-210 was as much as five per cent low when corrected for gravimetric recovery of the carrier ."
14,j04-046,thealsas watir the motathesis has been cormpleted by heatingthe rasxedsuiph The - the presence and growth - algae in the Laline efflu ent does not prevent the revorery - radio-lead under the prescritbed conditions although some radioactivi remains on the algae un the metathesi has been completed Leating the mived sulphates with three separate postions dilute 1.25 hormall sodium carbonate solutionn The strength the carbomate solution was chosen after exper iments with lead tracer alone which indicated that less lead was Mases,"The analysis was completed by heating the mixed sulfates. The presence and growth of algae in the alkaline effluent does not prevent the recovery of radio-lead under the prescribed conditions, although some radioactivity remains on the algae until the metathesis has been completed. The mixed sulfates were heated with three separate portions of dilute 1.25 molar sodium carbonate solution. The strength of the carbonate solution was chosen after experiments with lead tracer alone, which indicated that less lead was lost.",The presence and growth of algae in the alkaline effluent does not prevent the recovery of radio-lead under the prescribed conditions although some radioactivity remains on the algae until the metathesis has been completed by heating the mixed sulphates with three separate portions of dilute ( 1.25 normal ) sodium carbonate solution . The strength of the carbonate solution was chosen after experiments with lead tracer alone which indicated that less lead was
15,j04-053,andpostler ra2Ue. small manual coffe grrinder useful as the ressn cannot ground with a mortrer ant restle The sieved wesin wasned repeabtedly with distilled watet remove finer and then warth wdrochlonic acid to convere the resn complotely to the chlovide forri The 60-10s mesh rein again washet with watet to wemotre the acid and finallr sried aut Masner,A small manual coffee grinder was used as the resin cannot be ground with a mortar and pestle. The sieved resin was washed repeatedly with distilled water to remove finer particles and then treated with warm hydrochloric acid to convert the resin completely to the chloride form. The 60-100 mesh resin was then washed with water to remove the acid and finally dried.,A small manual coffee grinder is useful as the resin cannot be ground with a mortar and pestle . The sieved resin is washed repeatedly with distilled water to remove fines and then with hydrochloric acid to convert the resin completely to the chloride form . The 60-100 mesh resin is again washed with water to remove the acid and finally dried in air .
16,j04-061,Fheshosnero cra- lopgandt cras insdomardan bneondo-tho rdraradowa ssshominfro The glass tube is Mom. long and lom in intermal diameten One end the tube is drawn down to a fime and a B14 conical gloss socket is fitted to the other end as shown in figure The reservoix is a some Eylinsrical seporating fumnel with a capillary tap modified the Eddition a B14 cone to the glass column .. Mases,"The glass tube is 30 cm long and has a 10 mm internal diameter. One end of the tube is drawn down to a fine point, and a B14 conical glass socket is fitted to the other end, as shown in the figure. The reservoir is a cylindrical separating funnel with a capillary tap, modified by the addition of a B14 cone to the glass column.",The glass tube is 11 cm. long and 1 cm. in internal diameter . One end of the tube is drawn down to a fine tip and a B14 conical glass socket is fitted to the other end as shown in Figure 1 . The reservoir is a 50 ml cylindrical separating funnel with a capillary tap modified by the addition of a B14 cone to fit the glass column .
17,j04-065,Database 30t00s .. .. ofresia insagradioa tracereadia bispouthist tsprcaleuti curNerS shommintiou Once these rolumes have been ostablished the merghtortos usedsabokke The exact volume the eluting agents must be found experiment each batch resin using radioactive tracer Ceas y910s bismuth saioyt sypical elutiont curve is shown in figure Once these volumes have beem estabeished the weight resin used also fined-tee available evidence indicates that the fraction containing lead and bismuth are free cross Contaminstio apart from the op- natural ingrowth the daughters arising from the decoy leadd Mases,"Database 30,000s of resin in radio-tracer studies, showing typical elution curves for bismuth-210 and other elements. Once these volumes have been established, the weight of resin used is also determined. The exact volume of the eluting agents must be found experimentally for each batch of resin using radioactive tracer techniques. A typical elution curve for bismuth-210 is shown in the figure. Once these volumes have been established, the weight of resin used is also confirmed. Available evidence indicates that the fractions containing lead and bismuth are free from cross-contamination, apart from the natural ingrowth of daughter products arising from the decay of lead-210","The exact volume of the eluting agents must be found by experiment for each batch of resin using radioactive tracer Figure 3 . Once these volumes have been established , the weight of resin used is also fixed . All available evidence indicates that the fractions containing lead and bismuth are free ingrowth of the daughters arising from the decay of"
18,j04-070,Polonium2td repmaras on thecolumn and does not interferer Strontiun does sot traski peaiatitfirdia and then throwarays In thefrot saseo-uonun onlythetact drerserdisara Theleadis inderorintared BTOTDNAI Polonium- 310 remains on the blumn and does not does not fotm a chboto-cemp and therefore passes through inthe feed Solution and the tirst wash The resin used fot single Sepatation and then thrown anayitn the first stage the anallysiss only the ftaction containing Reat-210 copbecteds The lead precipitate as the chromate onto an afuminium Counting Htayy stried under an Iifta tet Ramg weighed and Set aside fot five days while the bismuth '216 grons Mr. Manes,"Polonium-210 remains on the column and does not interfere. Strontium does not track or precipitate, and then is washed away. In the first stage of separation, only the lead is concentrated. Polonium-210 remains on the column and does not form a chloride complex, so it passes through into the feed solution and the first wash. The resin is used for single separation and then discarded. In the analysis, only the fraction containing lead-210 is collected. The lead precipitate is formed as the chromate and is collected on an aluminum plate. The counting is done after drying under a heat lamp. The sample is weighed and set aside for five days while the bismuth-210 grows.","Polonium-210 remains on the column and does not and therefore passes through in the feed solution and the first wash . The resin is used for a single separation and then thrown away . In the first stage of the analysis , only the fraction containing counting tray , dried under an infra-red lamp , weighed , and set aside for five days while the bismuth-210 grows in ."
19,j04-076,At the end ofAve dayos bsmuthistom have reached obpe-talt ofits squilibrium ralueand cae becounted fartier ofthe bisrauthact and dosadisesase noraatised curve with the curre se fig- norag ax arbitrary scale of activity proportiona to the existins ordinate- the tike dayss bismuth- 2to will have teached one thalt its Valve and can counted thtough an abuminium absorber sufficientf thick stop the beta pat ticles from Reat '210 and the afpha particles ftom - Marne-,"At the end of five days, bismuth-210 will have reached approximately its equilibrium value and can be counted. The growth of the bismuth activity follows a normalized curve, with the current scale set arbitrarily to activity proportional to the existing ordinate. After five days, bismuth-210 will have reached half of its value and can be counted through an aluminum absorber thick enough to stop the beta particles from lead-210 and the alpha particles from bismuth-210.","At the end of five days , bismuth-210 will have reached one-half of its equilibrium value and can be counted through an aluminium absorber sufficiently thick to stop the beta particles from lead-210 and the alpha particles from polonium-210 ."
20,j04-080,.. atorspresen icrertarordi avortacasar Gnsbeennsse Thedocay ofteataleal During the First hours the cn rre will distorted activi other than Kismuth- - 210 present these bismuth muclides may welude together we er lead paren ts. Alel but lead - 29 will decay complet we Thin at hours - decay lead 212 will distort the obserr actin for hour and a hal't days exesent Marnes,"...artifacts present can create a distorted activity curve. The decay of other isotopes during the first few hours will cause the curve to be affected by activities other than that of bismuth-210. These bismuth nuclides may originate from various lead parents. All isotopes except lead-210 will decay completely within 48 hours. For about the first one and a half days, the decay of lead-212 will distort the observed activity.",distorted if activity other than bismuth- 210 is present . These bismuth nuclides may include : together with their lead parents . All but lead-212 will decay completely within six hours . The decay of lead-212 will distort the observed activity for hour and a half days if it is present .
21,j04-094,there io suacient beta activitys the radiochorai purity of the BI-220 saay be checked by obsertnsthe curve- thecenoralor chromatetom thealu- rosdetedades there sufficient beta altility sthe radiocke - mila purity of the Bi2ls may chected observing the decay curvee the renmoml lead Chromate from the aly minrum Connting tray together with the bismuth r20 prior to the secont You exchange epuvation has been checked Counting the trays Not more than o- the bismuth 2o renains on the tony offer the acii mish Maraes,"There is sufficient beta activity to check the radiochemical purity of the bismuth-210 by observing the decay curve. The removal of lead chromate from the aluminum counting tray, together with the bismuth-210, is done prior to the second ion exchange separation. This process has been verified by counting the trays. No more than a small fraction of the bismuth-210 remains on the tray after the acid wash.","If there is sufficient beta activity , the radioche- by observing the decay curve . The removal of lead chromate from the aluminium counting tray together with the bismuth-210 prior to the second ion exchange separation has been checked by counting the trays . Not more than 0.2 of the"
